경기 번호, 날짜, 닉네임, 요원, 맵, 순위, 킬, 데스, 어시스트, ACS, ADR, DDΔ, HS, FK, FD, MK, PL, DF, 승패, rounds
2,2025-06-16-21-09,김뚜띠,요루,어센트,1,28,13,6,381.05,250,109,26,4,0,4,0,0,v,13
2,2025-06-16-21-09,빅헤드,사이퍼,어센트,5,16,13,7,224.14,157,47,23,4,2,1,0,0,v,13
2,2025-06-16-21-09,고수달,오멘,어센트,6,17,15,9,222.29,147,-52,37,1,0,4,1,0,v,13
2,2025-06-16-21-09,핑맨,피닉스,어센트,7,16,16,1,194.24,135,-40,41,4,3,0,1,0,v,13
2,2025-06-16-21-09,유봄냥,소바,어센트,10,7,14,7,103.76,70,-112,8,1,2,0,8,0,v,13
2,2025-06-16-21-09,마뫄,소바,어센트,2,18,15,10,286.29,211,76,24,0,2,1,3,0,l,8
2,2025-06-16-21-09,짜누,제트,어센트,3,18,17,6,264.19,178,32,23,4,3,2,0,1,l,8
2,2025-06-16-21-09,감제이,킬조이,어센트,4,17,17,3,228.57,147,-68,17,3,3,3,1,1,l,8
2,2025-06-16-21-09,울프,오멘,어센트,8,10,18,8,156.14,103,-56,22,0,3,0,0,0,l,8
2,2025-06-16-21-09,러너,케이/오,어센트,9,8,17,9,121.43,73,-78,9,0,3,0,0,1,l,8
4,2025-06-16-21-55,짜누,아이소,헤이븐,1,22,16,8,299.62,211,57,26,3,3,3,0,0,v,13
4,2025-06-16-21-55,러너,킬조이,헤이븐,4,18,13,5,253.38,170,6,24,3,2,2,1,1,v,13
4,2025-06-16-21-55,마뫄,소바,헤이븐,5,18,12,9,244.95,175,69,23,0,0,2,3,0,v,13
4,2025-06-16-21-55,울프,네온,헤이븐,7,14,17,3,184.81,116,-23,18,3,6,1,0,2,v,13
4,2025-06-16-21-55,감제이,오멘,헤이븐,9,10,14,14,154.33,98,-38,14,1,0,1,4,0,v,13
4,2025-06-16-21-55,핑맨,피닉스,헤이븐,2,19,17,3,269.19,163,-10,29,4,4,2,0,0,l,8
4,2025-06-16-21-55,김뚜띠,요루,헤이븐,3,18,15,7,259.71,166,42,15,4,0,1,0,1,l,8
4,2025-06-16-21-55,빅헤드,사이퍼,헤이븐,6,14,17,5,197.48,134,-21,14,2,2,1,0,0,l,8
4,2025-06-16-21-55,유봄냥,소바,헤이븐,8,14,15,3,169.57,114,-38,20,0,2,1,5,1,l,8
4,2025-06-16-21-55,고수달,오멘,헤이븐,10,7,18,8,99.67,75,-92,22,1,2,0,0,0,l,8
5,2025-06-16-22-07,조별하,아이소,로터스,1,22,16,7,292.26,194,65,38,2,3,3,0,1,v,13
5,2025-06-16-22-07,푸린,페이드,로터스,4,21,16,9,240.61,132,3,38,4,4,3,0,1,v,13
5,2025-06-16-22-07,눈꽃,제트,로터스,5,19,15,3,237.91,159,-25,24,3,3,2,0,0,v,13
5,2025-06-16-22-07,백곰파,사이퍼,로터스,6,16,17,4,213.91,147,-44,13,1,2,1,0,0,v,13
5,2025-06-16-22-07,임나은,오멘,로터스,9,10,12,10,146.35,105,10,19,1,0,0,11,0,v,13
5,2025-06-16-22-07,강지형,요루,로터스,2,21,18,10,281.7,189,48,14,3,3,2,1,0,l,10
5,2025-06-16-22-07,뱅,아이소,로터스,3,20,18,2,248.26,155,4,12,4,3,1,0,2,l,10
5,2025-06-16-22-07,강지,킬조이,로터스,7,15,15,6,197.7,143,11,15,2,1,1,0,1,l,10
5,2025-06-16-22-07,아구이뽀,페이드,로터스,8,14,16,9,156.39,99,-49,9,3,2,1,7,0,l,10
5,2025-06-16-22-07,따효니,클로브,로터스,10,6,21,7,87.26,56,-110,6,0,2,0,1,0,l,10
6,2025-06-16-22-42,김뚜띠,레이즈,로터스,1,31,15,2,390.0,237,108,29,4,1,5,0,1,v,13
6,2025-06-16-22-42,핑맨,아이소,로터스,4,16,20,5,196.91,130,-39,29,4,6,2,0,0,v,13
6,2025-06-16-22-42,빅헤드,바이스,로터스,5,13,13,4,181.74,128,21,17,1,2,1,0,1,v,13
6,2025-06-16-22-42,고수달,오멘,로터스,7,10,19,8,144.35,95,-69,15,0,3,1,1,0,v,13
6,2025-06-16-22-42,유봄냥,페이드,로터스,9,9,12,9,115.78,80,-18,20,0,2,0,6,0,v,13
6,2025-06-16-22-42,울프,네온,로터스,2,29,15,8,332.13,215,80,27,5,2,2,0,1,l,10
6,2025-06-16-22-42,짜누,아이소,로터스,3,23,16,9,296.61,196,58,26,4,0,1,0,0,l,10
6,2025-06-16-22-42,감제이,오멘,로터스,6,11,13,13,149.48,90,-27,12,1,1,1,1,0,l,10
6,2025-06-16-22-42,러너,바이스,로터스,8,9,17,8,138.61,95,-40,16,3,2,0,0,1,l,10
6,2025-06-16-22-42,마뫄,페이드,로터스,10,7,18,8,99.17,68,-75,21,1,4,0,4,0,l,10
7,2025-06-16-23-37,마뫄,페이드,스플릿,1,17,5,2,297.64,187,83,37,1,0,3,3,0,v,13
7,2025-06-16-23-37,짜누,레이나,스플릿,2,16,7,3,292.36,188,101,23,3,0,1,0,0,v,13
7,2025-06-16-23-37,러너,바이스,스플릿,3,14,8,7,289.21,183,76,20,2,1,0,0,0,v,13
7,2025-06-16-23-37,울프,피닉스,스플릿,4,13,4,2,242.79,167,79,27,2,2,2,1,1,v,13
7,2025-06-16-23-37,감제이,오멘,스플릿,7,7,6,8,151.36,106,24,9,2,1,0,7,0,v,13
7,2025-06-16-23-37,핑맨,레이나,스플릿,5,8,14,1,183.0,109,-81,13,2,2,0,0,0,l,1
7,2025-06-16-23-37,김뚜띠,레이즈,스플릿,6,7,13,3,180.36,121,-34,16,1,5,1,0,0,l,1
7,2025-06-16-23-37,빅헤드,사이퍼,스플릿,8,6,13,0,124.07,89,-68,39,0,2,0,0,0,l,1
7,2025-06-16-23-37,고수달,오멘,스플릿,9,6,13,2,121.43,70,-94,38,0,1,0,0,0,l,1
7,2025-06-16-23-37,유봄냥,페이드,스플릿,10,3,14,4,95.57,80,-85,14,1,0,0,1,0,l,1
8,2025-06-17-00-12,조별하,피닉스,헤이븐,1,28,9,5,431.89,283,168,27,4,2,3,0,1,v,13
8,2025-06-17-00-12,눈꽃,제트,헤이븐,3,12,11,5,200.83,142,3,18,1,3,0,0,1,v,13
8,2025-06-17-00-12,푸린,소바,헤이븐,4,12,9,2,178.33,119,11,42,1,3,0,0,0,v,13
8,2025-06-17-00-12,백곰파,사이퍼,헤이븐,6,10,9,4,165.5,117,23,13,1,2,0,1,0,v,13
8,2025-06-17-00-12,임나은,오멘,헤이븐,9,10,11,5,128.94,79,-42,22,0,1,0,9,0,v,13
8,2025-06-17-00-12,강지,제트,헤이븐,2,16,15,3,242.78,145,-5,22,5,1,1,0,0,l,5
8,2025-06-17-00-12,뱅,킬조이,헤이븐,5,10,15,1,175.11,131,-40,20,2,3,1,0,0,l,5
8,2025-06-17-00-12,따효니,페이드,헤이븐,7,9,13,7,152.39,104,-87,23,1,2,0,2,0,l,5
8,2025-06-17-00-12,강지형,요루,헤이븐,8,7,16,6,145.39,130,-19,14,0,1,0,0,0,l,5
8,2025-06-17-00-12,아구이뽀,오멘,헤이븐,10,7,13,5,107.89,68,-65,7,3,0,1,3,1,l,5
9,2025-06-17-00-15,짜누,레이나,펄,1,25,15,5,297.38,180,47,20,2,5,3,0,0,v,13
9,2025-06-17-00-15,울프,네온,펄,4,18,20,2,221.25,134,-23,19,4,4,2,1,1,v,13
9,2025-06-17-00-15,마뫄,페이드,펄,5,17,18,10,206.46,146,-3,16,2,2,1,7,0,v,13
9,2025-06-17-00-15,감제이,아스트라,펄,6,16,13,12,183.92,132,16,38,1,0,0,0,2,v,13
9,2025-06-17-00-15,러너,바이스,펄,10,6,15,8,92.0,70,-62,21,1,3,0,0,2,v,13
9,2025-06-17-00-15,핑맨,피닉스,펄,2,22,19,6,289.25,193,12,37,7,4,4,1,1,l,11
9,2025-06-17-00-15,김뚜띠,요루,펄,3,22,16,2,245.92,173,48,30,5,2,3,0,1,l,11
9,2025-06-17-00-15,빅헤드,바이스,펄,7,14,15,6,170.38,134,19,22,0,2,1,0,0,l,11
9,2025-06-17-00-15,유봄냥,페이드,펄,8,14,17,6,163.75,103,-19,32,2,1,0,5,2,l,11
9,2025-06-17-00-15,고수달,아스트라,펄,9,9,15,9,116.17,81,-35,14,0,1,0,2,0,l,11
10,2025-06-17-01-12,조별하,피닉스,어센트,1,39,17,10,452.19,315,151,28,5,4,7,1,1,v,14
10,2025-06-17-01-12,푸린,소바,어센트,4,23,18,3,239.46,170,39,33,2,2,3,1,0,v,14
10,2025-06-17-01-12,눈꽃,제트,어센트,5,22,17,3,231.85,129,-6,18,6,1,2,1,0,v,14
10,2025-06-17-01-12,임나은,오멘,어센트,9,9,17,16,123.73,85,-29,2,0,1,0,5,1,v,14
10,2025-06-17-01-12,백곰파,사이퍼,어센트,10,9,20,3,93.85,69,-74,15,0,5,0,0,0,v,14
10,2025-06-17-01-12,짜누,제트,어센트,2,25,18,4,268.35,175,47,22,10,6,3,0,2,l,12
10,2025-06-17-01-12,울프,피닉스,어센트,3,24,23,6,257.46,181,-14,23,1,1,2,0,0,l,12
10,2025-06-17-01-12,마뫄,소바,어센트,6,16,19,10,177.77,115,-25,16,0,2,1,3,0,l,12
10,2025-06-17-01-12,러너,킬조이,어센트,7,14,22,5,157.69,109,-59,22,1,1,1,0,0,l,12
10,2025-06-17-01-12,감제이,오멘,어센트,8,10,20,10,143.46,109,-30,15,1,3,0,2,1,l,12
11,2025-06-17-02-06,마뫄,소바,헤이븐,2,20,13,5,276.62,189,65,28,1,2,2,4,1,v,13
11,2025-06-17-02-06,울프,네온,헤이븐,3,19,16,5,254.62,169,23,17,2,2,2,0,1,v,13
11,2025-06-17-02-06,짜누,아이소,헤이븐,4,19,15,3,252.19,162,13,39,5,1,1,0,1,v,13
11,2025-06-17-02-06,감제이,오멘,헤이븐,5,16,12,11,204.0,140,26,21,1,2,2,0,2,v,13
11,2025-06-17-02-06,러너,킬조이,헤이븐,9,5,13,5,101.9,81,-35,13,0,5,1,0,1,v,13
11,2025-06-17-02-06,조별하,피닉스,헤이븐,1,30,16,4,420.95,271,114,35,6,2,3,2,0,l,8
11,2025-06-17-02-06,눈꽃,제트,헤이븐,6,13,16,6,187.19,138,-4,26,3,2,0,0,0,l,8
11,2025-06-17-02-06,임나은,오멘,헤이븐,7,12,15,9,171.86,95,-63,10,0,0,2,4,0,l,8
11,2025-06-17-02-06,푸린,소바,헤이븐,8,8,17,4,124.95,92,-72,18,2,2,0,2,0,l,8
11,2025-06-17-02-06,백곰파,사이퍼,헤이븐,10,6,15,3,83.29,51,-67,31,1,3,1,1,1,l,8
12,2025-06-17-02-59,조별하,레이나,스플릿,1,22,2,2,390.36,256,182,26,2,0,3,0,0,v,13
12,2025-06-17-02-59,눈꽃,제트,스플릿,2,20,5,1,370.93,205,110,11,6,2,2,1,0,v,13
12,2025-06-17-02-59,임나은,오멘,스플릿,3,10,5,11,228.5,161,92,11,0,0,0,1,2,v,13
12,2025-06-17-02-59,푸린,소바,스플릿,5,10,3,3,170.57,114,39,10,0,1,1,0,0,v,13
12,2025-06-17-02-59,백곰파,사이퍼,스플릿,6,5,6,6,135.71,94,-3,6,1,2,0,0,0,v,13
12,2025-06-17-02-59,짜누,레이나,스플릿,4,10,13,1,207.21,141,-13,29,3,3,1,1,0,l,1
12,2025-06-17-02-59,마뫄,페이드,스플릿,7,4,13,5,124.71,97,-69,10,0,1,0,1,0,l,1
12,2025-06-17-02-59,울프,피닉스,스플릿,8,5,14,1,123.07,86,-96,15,1,0,0,1,0,l,1
12,2025-06-17-02-59,감제이,오멘,스플릿,9,2,13,2,77.07,60,-92,19,1,1,0,0,0,l,1
12,2025-06-17-02-59,러너,바이스,스플릿,10,0,14,1,27.79,26,-150,0,0,4,0,0,0,l,1
13,2025-06-17-03-32,조별하,피닉스,펄,1,27,12,6,352.36,225,72,22,5,1,2,0,0,v,13
13,2025-06-17-03-32,푸린,소바,펄,3,20,16,7,237.36,157,7,37,3,1,3,0,1,v,13
13,2025-06-17-03-32,눈꽃,제트,펄,4,21,13,3,232.64,136,2,16,3,2,1,1,1,v,13
13,2025-06-17-03-32,임나은,아스트라,펄,6,18,14,12,224.09,154,11,16,0,1,2,8,1,v,13
13,2025-06-17-03-32,백곰파,사이퍼,펄,9,7,17,13,140.27,98,-43,6,4,2,0,0,0,v,13
13,2025-06-17-03-32,짜누,아이소,펄,2,23,20,5,309.41,230,54,28,4,3,2,1,0,l,9
13,2025-06-17-03-32,울프,네온,펄,5,16,20,6,225.27,141,-31,12,1,4,1,0,0,l,9
13,2025-06-17-03-32,감제이,아스트라,펄,7,15,18,9,216.23,142,1,15,0,3,2,3,2,l,9
13,2025-06-17-03-32,마뫄,페이드,펄,8,10,19,3,149.77,113,-36,20,1,2,1,1,1,l,9
13,2025-06-17-03-32,러너,바이스,펄,10,8,16,5,122.05,94,-35,26,1,3,0,0,1,l,9
14,2025-06-17-04-18,조별하,아이소,로터스,1,34,11,2,455.45,298,168,42,5,1,4,0,3,v,13
14,2025-06-17-04-18,푸린,페이드,로터스,3,21,8,6,270.45,181,86,37,3,0,2,0,1,v,13
14,2025-06-17-04-18,눈꽃,제트,로터스,5,14,15,1,197.15,126,-16,40,4,2,0,1,0,v,13
14,2025-06-17-04-18,백곰파,바이스,로터스,8,7,13,4,117.2,82,-44,9,2,1,0,0,0,v,13
14,2025-06-17-04-18,임나은,오멘,로터스,9,7,13,7,106.05,65,-66,5,0,2,0,4,0,v,13
14,2025-06-17-04-18,짜누,아이소,로터스,2,19,17,3,289.95,197,44,33,3,3,1,0,0,l,7
14,2025-06-17-04-18,마뫄,페이드,로터스,4,16,13,5,207.3,161,50,28,0,4,1,5,1,l,7
14,2025-06-17-04-18,울프,네온,로터스,6,11,18,3,179.6,113,-82,12,1,2,0,0,0,l,7
14,2025-06-17-04-18,러너,바이스,로터스,7,9,17,2,133.45,85,-61,17,2,2,0,0,0,l,7
14,2025-06-17-04-18,감제이,오멘,로터스,10,5,18,7,92.95,68,-79,16,0,3,0,5,0,l,7
15,2025-06-17-17-04,짜누,아이소,어센트,2,20,14,3,241.05,155,23,22,5,3,3,1,2,v,13
15,2025-06-17-17-04,감제이,오멘,어센트,3,16,15,8,237.1,147,17,23,2,2,2,2,0,v,13
15,2025-06-17-17-04,러너,킬조이,어센트,4,16,14,5,231.1,157,24,14,4,1,0,0,1,v,13
15,2025-06-17-17-04,울프,네온,어센트,5,19,14,4,223.29,128,-5,12,0,2,3,1,0,v,13
15,2025-06-17-17-04,마뫄,소바,어센트,8,12,13,9,187.43,122,-4,27,1,1,0,4,0,v,13
15,2025-06-17-17-04,강지형,요루,어센트,1,22,15,6,323.05,208,79,10,4,1,4,0,1,l,8
15,2025-06-17-17-04,아구이뽀,오멘,어센트,6,16,16,7,214.67,124,0,18,1,2,1,3,0,l,8
15,2025-06-17-17-04,강지,킬조이,어센트,7,16,17,3,208.05,153,7,14,0,1,2,0,1,l,8
15,2025-06-17-17-04,뱅,제트,어센트,9,10,19,3,149.33,94,-64,22,4,7,1,0,0,l,8
15,2025-06-17-17-04,따효니,소바,어센트,10,6,16,7,99.67,75,-75,26,0,1,0,2,0,l,8
16,2025-06-17-17-08,눈꽃,제트,어센트,1,24,6,2,412.67,218,125,18,6,1,4,0,1,v,13
16,2025-06-17-17-08,조별하,피닉스,어센트,2,23,4,4,404.67,246,157,29,3,1,4,0,1,v,13
16,2025-06-17-17-08,임나은,오멘,어센트,4,10,5,8,192.87,147,45,23,0,1,0,3,1,v,13
16,2025-06-17-17-08,푸린,소바,어센트,7,6,8,4,115.0,87,-25,23,0,0,0,0,0,v,13
16,2025-06-17-17-08,백곰파,사이퍼,어센트,8,5,6,3,95.8,76,-17,14,1,2,0,0,0,v,13
16,2025-06-17-17-08,김뚜띠,요루,어센트,3,10,14,2,204.8,149,-22,26,1,1,0,0,0,l,2
16,2025-06-17-17-08,핑맨,피닉스,어센트,5,7,13,1,164.6,125,-30,31,2,4,0,0,0,l,2
16,2025-06-17-17-08,유봄냥,소바,어센트,6,7,15,0,143.4,94,-75,47,1,2,0,2,0,l,2
16,2025-06-17-17-08,고수달,오멘,어센트,9,3,12,0,80.13,60,-69,25,1,1,0,3,0,l,2
16,2025-06-17-17-08,빅헤드,사이퍼,어센트,10,2,14,2,67.67,62,-89,31,0,2,0,0,0,l,2
17,2025-06-17-17-50,조별하,피닉스,펄,1,26,10,9,447.35,294,151,14,5,1,3,0,1,v,13
17,2025-06-17-17-50,눈꽃,제트,펄,5,12,12,5,218.06,136,4,19,3,2,1,0,1,v,13
17,2025-06-17-17-50,푸린,소바,펄,6,13,9,8,199.94,140,33,18,0,0,0,1,0,v,13
17,2025-06-17-17-50,임나은,아스트라,펄,7,14,6,6,197.53,106,17,10,2,1,1,9,0,v,13
17,2025-06-17-17-50,백곰파,사이퍼,펄,8,8,11,4,120.41,78,-38,6,2,1,0,0,0,v,13
17,2025-06-17-17-50,핑맨,피닉스,펄,2,12,15,3,245.06,160,-21,39,2,3,1,0,1,l,4
17,2025-06-17-17-50,빅헤드,바이스,펄,3,14,13,4,240.47,163,18,20,0,4,0,0,1,l,4
17,2025-06-17-17-50,김뚜띠,페이드,펄,4,13,13,6,219.24,155,-42,18,0,0,1,2,0,l,4
17,2025-06-17-17-50,유봄냥,제트,펄,9,6,17,4,105.76,59,-89,20,2,3,0,0,0,l,4
17,2025-06-17-17-50,고수달,아스트라,펄,10,3,15,6,70.18,47,-92,19,1,2,0,0,0,l,4
18,2025-06-17-17-52,짜누,아이소,로터스,1,34,17,4,403.61,259,120,22,7,0,3,0,1,v,13
18,2025-06-17-17-52,울프,네온,로터스,5,16,17,4,194.83,118,-7,22,5,2,1,0,1,v,13
18,2025-06-17-17-52,감제이,오멘,로터스,6,16,17,9,193.57,121,-60,19,2,0,1,3,1,v,13
18,2025-06-17-17-52,마뫄,페이드,로터스,8,12,16,9,156.52,101,-23,15,0,1,1,4,1,v,13
18,2025-06-17-17-52,러너,바이스,로터스,9,9,16,3,143.83,109,-26,18,1,5,0,0,2,v,13
18,2025-06-17-17-52,뱅,제트,로터스,2,21,18,2,291.74,187,36,21,5,5,2,1,0,l,10
18,2025-06-17-17-52,강지,바이스,로터스,3,20,17,2,244.43,149,10,33,2,1,1,0,1,l,10
18,2025-06-17-17-52,아구이뽀,오멘,로터스,4,22,16,5,230.87,150,2,23,0,1,1,4,1,l,10
18,2025-06-17-17-52,강지형,요루,로터스,7,14,18,7,187.13,117,-17,11,1,6,1,0,0,l,10
18,2025-06-17-17-52,따효니,페이드,로터스,10,6,18,6,86.39,58,-79,14,0,2,0,5,1,l,10
19,2025-06-17-18-37,조별하,아이소,로터스,1,22,7,5,373.12,253,169,29,3,0,3,3,1,v,13
19,2025-06-17-18-37,푸린,페이드,로터스,2,17,11,7,268.12,155,22,21,2,2,3,0,1,v,13
19,2025-06-17-18-37,눈꽃,제트,로터스,4,13,9,4,218.35,131,35,9,2,2,0,0,0,v,13
19,2025-06-17-18-37,백곰파,바이스,로터스,5,14,8,4,211.18,123,11,15,2,0,0,1,0,v,13
19,2025-06-17-18-37,임나은,오멘,로터스,9,4,13,8,98.06,74,-62,6,0,4,0,1,0,v,13
19,2025-06-17-18-37,핑맨,피닉스,로터스,3,15,14,1,246.53,162,-12,33,2,2,2,0,0,l,4
19,2025-06-17-18-37,김뚜띠,네온,로터스,6,11,15,4,203.71,143,-5,18,2,2,0,0,0,l,4
19,2025-06-17-18-37,빅헤드,바이스,로터스,7,11,12,3,200.65,128,-51,16,2,3,2,0,0,l,4
19,2025-06-17-18-37,유봄냥,페이드,로터스,8,11,14,5,176.35,105,-45,32,2,0,1,6,0,l,4
19,2025-06-17-18-37,고수달,오멘,로터스,10,0,15,7,30.35,23,-121,0,0,2,0,0,0,l,4
20,2025-06-17-18-48,강지,사이퍼,스플릿,2,27,16,6,298.0,187,58,25,2,3,3,0,1,v,13
20,2025-06-17-18-48,뱅,제트,스플릿,4,22,19,4,264.54,147,-10,22,4,3,1,0,0,v,13
20,2025-06-17-18-48,강지형,요루,스플릿,5,19,18,9,253.21,175,21,10,4,5,1,0,1,v,13
20,2025-06-17-18-48,따효니,페이드,스플릿,7,12,17,7,140.58,88,-36,14,1,1,1,7,0,v,13
20,2025-06-17-18-48,아구이뽀,오멘,스플릿,8,11,17,6,135.92,98,-31,18,0,1,0,1,0,v,13
20,2025-06-17-18-48,짜누,제트,스플릿,1,24,18,7,317.0,208,65,23,9,5,3,0,0,l,11
20,2025-06-17-18-48,마뫄,페이드,스플릿,3,25,17,5,276.67,182,9,28,1,2,2,4,1,l,11
20,2025-06-17-18-48,울프,브리치,스플릿,6,22,17,6,223.88,150,10,21,1,1,2,0,1,l,11
20,2025-06-17-18-48,러너,사이퍼,스플릿,9,9,20,2,122.13,85,-61,8,0,2,0,0,0,l,11
20,2025-06-17-18-48,감제이,오멘,스플릿,10,7,19,4,99.67,68,-66,19,2,1,0,4,0,l,11
21,2025-06-17-21-06,핑맨,피닉스,펄,2,28,16,3,335.0,216,-52,47,5,2,4,0,1,v,13
21,2025-06-17-21-06,김뚜띠,아이소,펄,3,24,16,3,278.96,190,54,26,1,1,3,1,0,v,13
21,2025-06-17-21-06,빅헤드,아스트라,펄,5,16,14,7,195.22,141,27,28,1,0,0,1,1,v,13
21,2025-06-17-21-06,유봄냥,페이드,펄,9,10,14,10,131.65,84,-42,17,0,3,0,8,0,v,13
21,2025-06-17-21-06,고수달,킬조이,펄,10,9,17,4,123.7,74,-68,24,3,7,0,0,0,v,13
21,2025-06-17-21-06,뱅,제트,펄,1,28,16,8,385.52,261,70,19,8,6,3,0,0,l,10
21,2025-06-17-21-06,강지형,요루,펄,4,15,18,5,207.09,154,17,11,2,0,0,0,0,l,10
21,2025-06-17-21-06,따효니,페이드,펄,6,11,18,7,142.22,98,-42,29,2,3,0,1,0,l,10
21,2025-06-17-21-06,아구이뽀,아스트라,펄,7,14,16,4,138.91,85,-50,13,0,0,1,8,0,l,10
21,2025-06-17-21-06,강지,바이스,펄,8,9,19,7,133.39,101,-45,19,1,1,0,0,1,l,10
22,2025-06-17-21-06,감제이,아스트라,펄,2,29,17,12,296.0,176,62,19,3,3,4,1,2,v,15
22,2025-06-17-21-06,울프,네온,펄,3,24,20,9,250.79,162,30,28,2,3,1,1,0,v,15
22,2025-06-17-21-06,짜누,아이소,펄,4,18,23,8,210.93,144,-22,26,3,3,2,2,1,v,15
22,2025-06-17-21-06,러너,바이스,펄,7,20,20,4,191.36,122,-4,15,2,4,3,0,0,v,15
22,2025-06-17-21-06,마뫄,페이드,펄,8,14,24,15,176.04,135,-23,11,1,4,0,9,1,v,15
22,2025-06-17-21-06,조별하,피닉스,펄,1,37,21,5,373.21,257,88,28,8,2,5,0,1,l,13
22,2025-06-17-21-06,눈꽃,제트,펄,5,19,24,7,203.25,132,-30,24,6,3,2,0,0,l,13
22,2025-06-17-21-06,푸린,소바,펄,6,21,18,9,196.54,128,-13,21,2,1,2,1,2,l,13
22,2025-06-17-21-06,백곰파,사이퍼,펄,9,14,21,7,156.25,108,-25,9,1,4,1,0,1,l,13
22,2025-06-17-21-06,임나은,아스트라,펄,10,13,21,11,123.61,73,-62,8,0,1,0,11,0,l,13
23,2025-06-17-21-52,강지형,요루,헤이븐,2,18,15,11,254.52,170,44,6,2,3,1,0,0,v,13
23,2025-06-17-21-52,뱅,제트,헤이븐,3,20,18,5,247.78,140,-52,19,5,4,3,1,0,v,13
23,2025-06-17-21-52,강지,킬조이,헤이븐,4,21,12,2,241.04,170,18,20,3,1,1,0,1,v,13
23,2025-06-17-21-52,아구이뽀,오멘,헤이븐,7,15,17,6,181.61,105,-33,11,1,1,1,3,0,v,13
23,2025-06-17-21-52,따효니,소바,헤이븐,10,13,14,5,157.04,115,-62,22,0,3,0,6,1,v,13
23,2025-06-17-21-52,김뚜띠,요루,헤이븐,1,19,19,4,258.17,174,-17,16,3,3,2,0,1,l,10
23,2025-06-17-21-52,고수달,킬조이,헤이븐,5,15,19,3,192.13,126,-26,33,3,3,1,0,0,l,10
23,2025-06-17-21-52,빅헤드,오멘,헤이븐,6,14,16,7,187.52,118,7,25,3,2,0,1,0,l,10
23,2025-06-17-21-52,핑맨,피닉스,헤이븐,8,14,18,5,176.57,130,-41,29,2,3,0,0,0,l,10
23,2025-06-17-21-52,유봄냥,소바,헤이븐,9,14,15,5,168.22,108,-13,25,1,0,0,9,0,l,10
24,2025-06-17-22-16,조별하,피닉스,스플릿,1,29,5,2,517.67,327,226,23,3,0,5,0,0,v,13
24,2025-06-17-22-16,눈꽃,제트,스플릿,2,18,7,4,315.8,207,107,27,5,1,1,1,0,v,13
24,2025-06-17-22-16,푸린,소바,스플릿,4,10,3,3,180.47,146,90,43,2,1,0,0,1,v,13
24,2025-06-17-22-16,백곰파,사이퍼,스플릿,6,7,8,2,114.13,74,-35,21,2,1,0,1,0,v,13
24,2025-06-17-22-16,임나은,오멘,스플릿,9,4,4,8,76.2,46,-15,0,0,0,0,8,0,v,13
24,2025-06-17-22-16,짜누,제트,스플릿,3,8,15,2,190.0,135,-45,18,2,3,0,0,0,l,2
24,2025-06-17-22-16,울프,브리치,스플릿,5,8,14,3,157.27,92,-65,13,0,2,0,0,0,l,2
24,2025-06-17-22-16,마뫄,페이드,스플릿,7,4,13,2,107.73,84,-75,10,0,4,0,1,0,l,2
24,2025-06-17-22-16,러너,사이퍼,스플릿,8,4,13,0,106.47,73,-144,21,1,1,0,0,0,l,2
24,2025-06-17-22-16,감제이,오멘,스플릿,10,3,13,2,65.47,40,-110,14,0,2,0,0,0,l,2
25,2025-06-17-22-47,핑맨,피닉스,어센트,1,19,11,4,320.44,200,52,46,6,2,0,1,0,v,13
25,2025-06-17-22-47,김뚜띠,레이나,어센트,2,17,9,7,289.13,185,58,25,1,1,2,0,0,v,13
25,2025-06-17-22-47,빅헤드,오멘,어센트,3,15,9,4,245.25,169,68,27,2,0,0,0,0,v,13
25,2025-06-17-22-47,고수달,사이퍼,어센트,6,14,8,1,219.13,147,59,27,3,1,0,0,1,v,13
25,2025-06-17-22-47,유봄냥,소바,어센트,10,6,7,5,101.31,72,-14,29,0,0,0,8,0,v,13
25,2025-06-17-22-47,뱅,제트,어센트,4,11,15,2,235.38,144,-32,13,2,2,2,0,0,l,3
25,2025-06-17-22-47,강지형,요루,어센트,5,12,13,3,231.44,126,-13,16,2,2,1,0,0,l,3
25,2025-06-17-22-47,따효니,소바,어센트,7,9,15,2,153.25,114,-52,23,0,1,0,1,0,l,3
25,2025-06-17-22-47,아구이뽀,오멘,어센트,8,6,14,5,122.56,77,-65,6,0,2,0,1,0,l,3
25,2025-06-17-22-47,강지,킬조이,어센트,9,6,14,2,115.38,90,-61,7,0,5,0,0,0,l,3
26,2025-06-17-22-54,짜누,레이나,어센트,1,26,10,8,390.7,267,161,24,7,0,2,0,0,v,13
26,2025-06-17-22-54,감제이,오멘,어센트,2,22,11,12,316.8,190,40,27,1,2,2,4,0,v,13
26,2025-06-17-22-54,울프,네온,어센트,5,15,9,2,171.6,102,14,19,0,2,1,2,0,v,13
26,2025-06-17-22-54,마뫄,소바,어센트,6,9,11,11,142.0,90,-17,22,2,0,1,1,0,v,13
26,2025-06-17-22-54,러너,킬조이,어센트,8,8,9,4,125.05,87,-1,4,2,4,0,0,0,v,13
26,2025-06-17-22-54,조별하,피닉스,어센트,3,14,17,3,210.1,143,-22,20,3,1,1,0,0,l,7
26,2025-06-17-22-54,눈꽃,제트,어센트,4,14,16,1,200.75,122,-19,25,2,3,0,0,0,l,7
26,2025-06-17-22-54,임나은,오멘,어센트,7,8,17,8,136.05,80,-56,8,1,2,0,2,0,l,7
26,2025-06-17-22-54,푸린,소바,어센트,9,6,16,4,107.05,81,-128,24,1,3,0,0,0,l,7
26,2025-06-17-22-54,백곰파,사이퍼,어센트,10,8,14,0,103.95,64,-71,16,1,3,1,0,1,l,7
27,2025-06-18-01-10,빅헤드,오멘,어센트,2,24,18,11,261.08,149,16,26,1,3,1,1,0,v,13
27,2025-06-18-01-10,김뚜띠,레이나,어센트,3,21,14,12,248.96,191,58,28,2,0,1,1,1,v,13
27,2025-06-18-01-10,핑맨,피닉스,어센트,5,17,20,4,221.29,146,-20,30,6,3,1,0,0,v,13
27,2025-06-18-01-10,고수달,사이퍼,어센트,6,18,14,2,205.63,151,45,33,5,3,0,0,0,v,13
27,2025-06-18-01-10,유봄냥,소바,어센트,10,12,15,5,136.04,89,-27,26,0,1,0,9,1,v,13
27,2025-06-18-01-10,강지형,요루,어센트,1,24,18,11,303.38,192,46,12,2,2,4,0,0,l,11
27,2025-06-18-01-10,뱅,소바,어센트,4,16,16,8,232.46,164,-19,15,1,1,1,5,1,l,11
27,2025-06-18-01-10,강지,제트,어센트,7,16,20,3,187.88,107,-48,19,3,5,2,0,1,l,11
27,2025-06-18-01-10,아구이뽀,오멘,어센트,8,14,19,9,150.83,89,-97,13,2,2,1,3,1,l,11
27,2025-06-18-01-10,따효니,킬조이,어센트,9,11,19,4,144.42,103,-37,19,2,4,0,1,0,l,11
28,2025-06-18-02-07,뱅,페이드,로터스,1,27,12,10,300.75,185,81,15,1,0,2,6,2,v,13
28,2025-06-18-02-07,아구이뽀,오멘,로터스,3,22,16,8,245.46,155,27,15,3,2,1,4,0,v,13
28,2025-06-18-02-07,강지형,요루,로터스,4,17,19,12,243.63,167,25,10,5,5,0,0,1,v,13
28,2025-06-18-02-07,강지,아이소,로터스,6,15,20,8,199.13,139,-28,16,4,2,1,0,1,v,13
28,2025-06-18-02-07,따효니,킬조이,로터스,9,11,15,7,137.83,96,-14,25,0,2,1,0,0,v,13
28,2025-06-18-02-07,김뚜띠,아이소,로터스,2,24,16,6,288.21,192,57,28,2,3,3,0,1,l,11
28,2025-06-18-02-07,빅헤드,오멘,로터스,5,19,19,9,227.5,150,11,18,4,1,1,1,0,l,11
28,2025-06-18-02-07,핑맨,피닉스,로터스,7,16,20,2,194.04,124,-46,42,2,6,2,0,1,l,11
28,2025-06-18-02-07,고수달,킬조이,로터스,8,12,16,3,146.13,99,-38,15,1,3,1,0,1,l,11
28,2025-06-18-02-07,유봄냥,페이드,로터스,10,11,21,10,134.71,86,-74,12,2,0,0,8,1,l,11
29,2025-06-18-03-01,김뚜띠,아이소,헤이븐,1,29,8,12,439.16,286,158,28,2,0,5,0,0,v,13
29,2025-06-18-03-01,빅헤드,오멘,헤이븐,3,17,12,9,229.21,140,17,13,1,0,1,2,1,v,13
29,2025-06-18-03-01,고수달,킬조이,헤이븐,4,16,12,2,223.68,143,29,20,2,3,1,3,1,v,13
29,2025-06-18-03-01,핑맨,피닉스,헤이븐,6,11,12,5,173.47,114,-68,26,5,4,1,0,1,v,13
29,2025-06-18-03-01,유봄냥,소바,헤이븐,10,6,13,5,88.58,60,-82,10,1,1,0,5,0,v,13
29,2025-06-18-03-01,강지형,요루,헤이븐,2,22,14,2,348.11,222,87,19,4,1,2,0,0,l,6
29,2025-06-18-03-01,강지,레이나,헤이븐,5,13,15,3,204.11,141,2,31,2,4,2,0,0,l,6
29,2025-06-18-03-01,뱅,소바,헤이븐,7,9,16,4,166.16,114,-88,11,1,0,0,3,1,l,6
29,2025-06-18-03-01,따효니,킬조이,헤이븐,8,7,17,4,135.21,98,-69,12,1,3,0,0,0,l,6
29,2025-06-18-03-01,아구이뽀,오멘,헤이븐,9,6,17,4,96.53,62,-91,18,0,3,0,3,0,l,6
30,2025-06-18-17-07,강지형,요루,어센트,1,25,11,9,353.85,214,113,17,4,1,0,0,0,v,13
30,2025-06-18-17-07,강지,제트,어센트,2,25,14,3,351.55,213,73,25,4,1,0,0,0,v,13
30,2025-06-18-17-07,뱅,소바,어센트,4,13,10,11,192.8,143,30,17,2,2,0,7,0,v,13
30,2025-06-18-17-07,아구이뽀,오멘,어센트,7,9,13,11,137.75,99,-23,15,1,4,0,1,0,v,13
30,2025-06-18-17-07,따효니,킬조이,어센트,10,9,9,2,89.65,60,-90,17,0,1,0,0,1,v,13
30,2025-06-18-17-07,조별하,피닉스,어센트,3,21,15,1,311.2,192,24,25,5,0,0,0,1,l,7
30,2025-06-18-17-07,임나은,오멘,어센트,5,12,17,3,183.9,108,-37,8,4,0,0,3,0,l,7
30,2025-06-18-17-07,눈꽃,제트,어센트,6,10,17,2,153.55,104,-35,22,0,6,0,0,0,l,7
30,2025-06-18-17-07,백곰파,사이퍼,어센트,8,8,16,2,118.1,93,-49,23,0,1,0,0,0,l,7
30,2025-06-18-17-07,푸린,소바,어센트,9,6,16,2,95.8,79,-56,29,0,4,0,0,0,l,7
31,2025-06-18-17-09,울프,네온,어센트,2,23,15,6,287.61,188,53,20,6,2,0,0,0,v,13
31,2025-06-18-17-09,짜누,레이나,어센트,3,22,16,9,265.87,167,47,15,5,4,0,1,0,v,13
31,2025-06-18-17-09,감제이,오멘,어센트,4,17,15,14,229.74,160,42,32,1,0,0,3,1,v,13
31,2025-06-18-17-09,마뫄,소바,어센트,7,14,14,14,192.09,149,24,16,1,0,0,4,1,v,13
31,2025-06-18-17-09,러너,킬조이,어센트,8,13,14,6,162.65,107,-23,6,1,3,0,0,0,v,13
31,2025-06-18-17-09,빅헤드,오멘,어센트,1,26,17,7,339.39,195,37,14,3,1,0,0,1,l,10
31,2025-06-18-17-09,김뚜띠,레이나,어센트,5,16,18,11,211.61,138,-21,14,1,5,0,0,1,l,10
31,2025-06-18-17-09,핑맨,피닉스,어센트,6,17,19,2,198.78,142,-40,35,4,2,0,0,1,l,10
31,2025-06-18-17-09,유봄냥,소바,어센트,9,11,17,6,153.0,98,-89,18,1,1,0,4,0,l,10
31,2025-06-18-17-09,고수달,사이퍼,어센트,10,4,18,3,69.17,51,-72,12,0,5,0,0,1,l,10
32,2025-06-18-17-58,조별하,피닉스,펄,1,25,8,3,412.44,235,97,33,8,2,0,1,0,v,13
32,2025-06-18-17-58,눈꽃,제트,펄,2,18,12,6,337.38,253,87,25,3,0,0,0,0,v,13
32,2025-06-18-17-58,푸린,아스트라,펄,3,13,5,8,218.75,145,70,32,2,0,0,0,0,v,13
32,2025-06-18-17-58,임나은,페이드,펄,8,7,6,4,114.88,71,-14,9,0,1,0,10,0,v,13
32,2025-06-18-17-58,백곰파,바이스,펄,10,6,6,3,84.88,50,-26,13,0,0,0,0,0,v,13
32,2025-06-18-17-58,아구이뽀,아스트라,펄,4,11,15,1,201.13,120,-33,24,0,1,0,0,0,l,3
32,2025-06-18-17-58,강지형,요루,펄,5,10,14,1,178.06,111,-33,8,2,3,0,0,0,l,3
32,2025-06-18-17-58,강지,제트,펄,6,6,12,3,169.94,128,-69,24,1,0,0,0,0,l,3
32,2025-06-18-17-58,따효니,킬조이,펄,7,6,13,2,128.44,113,-36,21,0,2,0,0,1,l,3
32,2025-06-18-17-58,뱅,페이드,펄,9,4,15,7,101.06,66,-105,14,0,7,0,0,1,l,3
33,2025-06-18-18-09,짜누,아이소,헤이븐,1,25,12,6,370.2,252,130,21,6,2,0,0,1,v,13
33,2025-06-18-18-09,감제이,오멘,헤이븐,2,18,7,15,260.2,183,48,22,0,1,0,2,0,v,13
33,2025-06-18-18-09,울프,네온,헤이븐,4,14,14,3,187.85,112,-25,20,1,2,0,0,1,v,13
33,2025-06-18-18-09,마뫄,소바,헤이븐,7,9,11,6,169.8,131,38,19,4,0,0,4,1,v,13
33,2025-06-18-18-09,러너,킬조이,헤이븐,10,8,12,3,122.45,91,-24,11,2,2,0,0,0,v,13
33,2025-06-18-18-09,김뚜띠,아이소,헤이븐,3,13,16,5,203.25,140,-23,13,1,5,0,0,1,l,7
33,2025-06-18-18-09,빅헤드,오멘,헤이븐,5,14,14,2,187.15,110,-69,16,2,3,0,0,0,l,7
33,2025-06-18-18-09,핑맨,피닉스,헤이븐,6,12,16,5,178.0,113,-75,35,1,1,0,1,0,l,7
33,2025-06-18-18-09,고수달,킬조이,헤이븐,8,9,14,5,139.1,97,-33,16,2,3,0,1,0,l,7
33,2025-06-18-18-09,유봄냥,소바,헤이븐,9,8,14,5,134.4,91,-66,10,1,1,0,5,0,l,7
34,2025-06-18-18-43,조별하,피닉스,스플릿,1,28,14,3,405.74,260,99,33,6,0,0,0,1,v,13
34,2025-06-18-18-43,눈꽃,제트,스플릿,4,18,11,3,255.32,160,33,26,2,4,0,0,0,v,13
34,2025-06-18-18-43,임나은,오멘,스플릿,6,15,10,3,210.26,134,8,13,0,1,0,8,0,v,13
34,2025-06-18-18-43,푸린,소바,스플릿,8,11,12,2,155.63,121,-10,26,1,1,0,1,0,v,13
34,2025-06-18-18-43,백곰파,사이퍼,스플릿,9,5,17,7,108.05,70,-83,14,0,4,0,0,0,v,13
34,2025-06-18-18-43,강지,제트,스플릿,2,18,17,3,281.68,185,25,21,4,2,0,0,0,l,6
34,2025-06-18-18-43,강지형,요루,스플릿,3,17,15,5,277.42,177,28,8,2,4,0,0,0,l,6
34,2025-06-18-18-43,따효니,킬조이,스플릿,5,14,14,3,218.47,136,-57,12,1,0,0,0,1,l,6
34,2025-06-18-18-43,아구이뽀,오멘,스플릿,7,10,15,12,188.37,125,-22,17,2,0,0,1,0,l,6
34,2025-06-18-18-43,뱅,스카이,스플릿,10,5,16,3,100.68,74,-74,21,1,3,0,1,1,l,6
35,2025-06-18-19-10,짜누,아이소,로터스,2,22,17,6,308.87,210,54,22,3,3,0,1,0,v,13
35,2025-06-18-19-10,감제이,오멘,로터스,3,18,14,7,226.87,149,26,20,1,1,0,0,0,v,13
35,2025-06-18-19-10,울프,네온,로터스,4,18,16,4,202.7,116,-30,19,4,3,0,0,0,v,13
35,2025-06-18-19-10,마뫄,페이드,로터스,8,13,14,9,165.22,113,-20,15,2,1,0,8,2,v,13
35,2025-06-18-19-10,러너,바이스,로터스,9,8,16,5,118.52,87,-50,18,2,3,0,1,1,v,13
35,2025-06-18-19-10,김뚜띠,아이소,로터스,1,26,15,8,340.09,212,63,32,7,0,0,1,2,l,10
35,2025-06-18-19-10,핑맨,피닉스,로터스,5,17,16,1,195.52,133,-62,30,0,5,0,0,0,l,10
35,2025-06-18-19-10,빅헤드,오멘,로터스,6,13,15,6,186.22,142,24,31,2,2,0,1,0,l,10
35,2025-06-18-19-10,고수달,킬조이,로터스,7,13,15,2,178.22,133,-33,20,2,1,0,0,0,l,10
35,2025-06-18-19-10,유봄냥,페이드,로터스,10,8,18,7,118.22,75,-102,18,0,4,0,7,1,l,10
36,2025-06-18-21-05,짜누,레이나,어센트,1,22,13,4,271.9,168,53,27,3,3,0,0,0,v,13
36,2025-06-18-21-05,감제이,오멘,어센트,3,16,13,7,217.24,146,18,27,3,3,0,0,0,v,13
36,2025-06-18-21-05,마뫄,소바,어센트,5,14,12,4,189.38,116,20,16,1,2,0,7,0,v,13
36,2025-06-18-21-05,러너,킬조이,어센트,7,12,10,1,179.1,131,43,10,2,1,0,0,0,v,13
36,2025-06-18-21-05,울프,네온,어센트,9,10,15,6,141.29,92,-103,15,0,3,0,0,1,v,13
36,2025-06-18-21-05,강지형,요루,어센트,2,16,16,6,235.95,147,-33,13,4,2,0,0,0,l,8
36,2025-06-18-21-05,아구이뽀,오멘,어센트,4,16,14,7,207.57,118,-5,9,2,1,0,1,0,l,8
36,2025-06-18-21-05,뱅,소바,어센트,6,15,14,5,185.71,113,-17,8,2,3,0,2,0,l,8
36,2025-06-18-21-05,강지,제트,어센트,8,10,16,4,156.43,124,-29,24,3,0,0,0,0,l,8
36,2025-06-18-21-05,따효니,킬조이,어센트,10,6,14,2,105.76,75,-41,13,1,3,0,0,1,l,8
37,2025-06-18-21-09,핑맨,피닉스,어센트,2,24,16,8,279.79,175,11,36,3,4,0,0,0,v,13
37,2025-06-18-21-09,빅헤드,오멘,어센트,3,19,15,10,246.58,155,36,13,4,0,0,0,0,v,13
37,2025-06-18-21-09,김뚜띠,레이나,어센트,4,21,12,2,228.71,145,43,23,1,3,0,2,2,v,13
37,2025-06-18-21-09,고수달,사이퍼,어센트,7,12,15,6,149.88,99,-19,24,2,4,0,0,0,v,13
37,2025-06-18-21-09,유봄냥,소바,어센트,9,9,17,5,129.0,94,-34,35,0,3,0,6,0,v,13
37,2025-06-18-21-09,조별하,피닉스,어센트,1,23,17,1,290.29,201,58,30,4,3,0,0,1,l,11
37,2025-06-18-21-09,푸린,오멘,어센트,5,18,16,9,227.92,153,24,34,4,1,0,2,0,l,11
37,2025-06-18-21-09,눈꽃,제트,어센트,6,14,21,2,175.92,110,-44,14,5,2,0,0,0,l,11
37,2025-06-18-21-09,임나은,소바,어센트,8,11,15,7,148.63,99,-30,22,0,1,0,5,1,l,11
37,2025-06-18-21-09,백곰파,바이스,어센트,10,9,16,5,101.38,69,-44,11,1,3,0,1,0,l,11
38,2025-06-18-21-55,짜누,레이나,스플릿,1,29,17,6,351.08,242,102,25,5,1,0,0,1,v,14
38,2025-06-18-21-55,마뫄,페이드,스플릿,4,22,17,10,219.81,124,-6,13,2,3,0,1,1,v,14
38,2025-06-18-21-55,감제이,오멘,스플릿,5,15,16,11,201.96,142,33,13,2,0,0,5,0,v,14
38,2025-06-18-21-55,울프,네온,스플릿,8,17,18,6,171.58,104,-36,22,3,3,0,1,0,v,14
38,2025-06-18-21-55,러너,사이퍼,스플릿,9,15,17,5,170.81,113,0,8,3,4,0,0,0,v,14
38,2025-06-18-21-55,강지형,요루,스플릿,2,21,22,5,229.15,144,-1,20,3,2,0,0,0,l,12
38,2025-06-18-21-55,강지,제트,스플릿,3,20,20,8,224.35,152,1,20,6,3,0,1,0,l,12
38,2025-06-18-21-55,뱅,페이드,스플릿,6,15,17,11,193.5,132,3,16,1,5,0,4,2,l,12
38,2025-06-18-21-55,아구이뽀,오멘,스플릿,7,19,17,3,182.54,113,-37,12,0,3,0,0,0,l,12
38,2025-06-18-21-55,따효니,킬조이,스플릿,10,10,22,4,123.54,91,-59,21,1,2,0,0,0,l,12
39,2025-06-18-22-02,핑맨,피닉스,헤이븐,2,24,16,6,274.88,188,19,22,6,5,0,1,1,v,13
39,2025-06-18-22-02,김뚜띠,아이소,헤이븐,3,22,14,10,265.08,184,54,16,1,2,0,3,1,v,13
39,2025-06-18-22-02,빅헤드,오멘,헤이븐,4,23,20,10,263.71,175,15,18,1,1,0,1,0,v,13
39,2025-06-18-22-02,고수달,킬조이,헤이븐,8,9,21,9,143.63,109,-44,17,2,4,0,0,1,v,13
39,2025-06-18-22-02,유봄냥,소바,헤이븐,9,10,17,7,111.21,87,-45,27,0,2,0,5,0,v,13
39,2025-06-18-22-02,조별하,피닉스,헤이븐,1,34,15,5,382.58,252,118,31,5,1,0,1,2,l,11
39,2025-06-18-22-02,푸린,소바,헤이븐,5,19,18,3,228.83,175,34,31,3,1,0,1,0,l,11
39,2025-06-18-22-02,임나은,오멘,헤이븐,6,14,20,14,193.17,135,-25,13,3,4,0,5,0,l,11
39,2025-06-18-22-02,눈꽃,제트,헤이븐,7,16,18,4,182.54,128,-38,18,3,2,0,0,0,l,11
39,2025-06-18-22-02,백곰파,사이퍼,헤이븐,10,5,17,8,76.54,53,-87,3,0,2,0,1,1,l,11
40,2025-06-18-23-01,짜누,아이소,로터스,1,33,12,1,388.14,245,120,26,3,1,0,0,1,v,13
40,2025-06-18-23-01,마뫄,페이드,로터스,4,16,14,6,196.95,139,-13,24,0,3,0,1,0,v,13
40,2025-06-18-23-01,울프,네온,로터스,5,11,14,9,169.91,116,-11,31,1,4,0,0,0,v,13
40,2025-06-18-23-01,감제이,오멘,로터스,8,11,17,3,147.14,99,-40,9,3,3,0,7,0,v,13
40,2025-06-18-23-01,러너,바이스,로터스,9,11,17,5,146.14,111,-35,16,3,1,0,0,0,v,13
40,2025-06-18-23-01,강지형,요루,로터스,2,19,17,8,270.05,181,18,10,3,1,0,0,0,l,9
40,2025-06-18-23-01,강지,아이소,로터스,3,22,16,4,268.5,174,31,22,4,0,0,0,0,l,9
40,2025-06-18-23-01,뱅,페이드,로터스,6,11,18,7,164.82,105,-56,5,3,8,0,3,0,l,9
40,2025-06-18-23-01,아구이뽀,오멘,로터스,7,12,16,7,152.86,94,-29,11,2,1,0,2,0,l,9
40,2025-06-18-23-01,따효니,킬조이,로터스,10,10,15,3,126.27,87,-32,26,0,0,0,0,1,l,9
41,2025-06-18-23-07,조별하,아이소,로터스,2,35,25,8,284.56,184,58,31,4,3,0,0,2,v,19
41,2025-06-18-23-07,푸린,오멘,로터스,4,30,25,15,246.44,154,8,20,3,5,0,0,0,v,19
41,2025-06-18-23-07,눈꽃,제트,로터스,5,27,28,10,234.22,163,23,13,6,5,0,0,2,v,19
41,2025-06-18-23-07,백곰파,바이스,로터스,8,16,26,6,140.22,89,-51,13,4,5,0,0,1,v,19
41,2025-06-18-23-07,임나은,페이드,로터스,10,17,23,8,120.42,75,-54,13,1,0,0,8,0,v,19
41,2025-06-18-23-07,김뚜띠,아이소,로터스,1,39,24,10,313.19,209,86,18,6,2,0,1,1,l,17
41,2025-06-18-23-07,핑맨,피닉스,로터스,3,32,25,8,249.22,149,7,18,8,5,0,0,0,l,17
41,2025-06-18-23-07,고수달,킬조이,로터스,6,21,27,7,181.92,119,-17,17,3,5,0,1,0,l,17
41,2025-06-18-23-07,빅헤드,오멘,로터스,7,20,25,14,172.03,124,-24,24,1,4,0,0,0,l,17
41,2025-06-18-23-07,유봄냥,페이드,로터스,9,15,24,11,121.14,80,-36,14,0,2,0,8,1,l,17
42,2025-06-19-03-20,강지형,요루,펄,1,32,17,3,370.13,248,96,28,7,1,0,1,0,v,13
42,2025-06-19-03-20,뱅,페이드,펄,5,16,20,10,211.83,138,-10,7,1,2,0,7,0,v,13
42,2025-06-19-03-20,아구이뽀,아스트라,펄,7,15,18,5,165.17,122,-12,20,4,0,0,1,1,v,13
42,2025-06-19-03-20,따효니,킬조이,펄,9,15,15,0,148.08,97,-21,25,0,0,0,0,2,v,13
42,2025-06-19-03-20,강지,제트,펄,10,8,20,4,120.17,88,-61,15,3,6,0,0,1,v,13
42,2025-06-19-03-20,울프,네온,펄,2,23,17,7,276.13,172,24,31,2,2,0,1,1,l,11
42,2025-06-19-03-20,짜누,아이소,펄,3,21,18,7,265.63,175,28,20,4,4,0,0,1,l,11
42,2025-06-19-03-20,마뫄,페이드,펄,4,19,16,12,232.79,154,29,17,1,3,0,9,0,l,11
42,2025-06-19-03-20,러너,바이스,펄,6,14,17,6,172.96,116,-14,11,0,4,0,0,0,l,11
42,2025-06-19-03-20,감제이,아스트라,펄,8,13,18,10,150.21,83,-59,11,2,2,0,0,0,l,11
43,2025-06-19-17-07,짜누,아이소,헤이븐,1,28,10,8,418.5,267,149,15,9,4,0,0,0,v,13
43,2025-06-19-17-07,러너,킬조이,헤이븐,3,16,11,3,216.9,151,44,12,1,1,0,0,1,v,13
43,2025-06-19-17-07,울프,네온,헤이븐,4,14,11,5,195.75,131,10,15,0,0,0,0,0,v,13
43,2025-06-19-17-07,마뫄,소바,헤이븐,6,14,12,3,180.7,108,-16,7,1,2,0,4,1,v,13
43,2025-06-19-17-07,감제이,오멘,헤이븐,9,9,12,14,145.15,98,-4,11,1,1,0,7,0,v,13
43,2025-06-19-17-07,조별하,피닉스,헤이븐,2,16,17,0,239.4,165,3,29,1,2,0,2,0,l,7
43,2025-06-19-17-07,눈꽃,제트,헤이븐,5,13,15,2,190.65,109,-104,12,4,3,0,0,0,l,7
43,2025-06-19-17-07,푸린,오멘,헤이븐,7,12,15,3,168.05,114,-21,17,0,2,0,1,1,l,7
43,2025-06-19-17-07,임나은,소바,헤이븐,8,10,17,5,156.0,110,-47,11,2,2,0,2,0,l,7
43,2025-06-19-17-07,백곰파,사이퍼,헤이븐,10,5,17,3,94.4,72,-63,10,1,3,0,1,1,l,7
44,2025-06-19-17-10,강지,제트,펄,1,24,14,5,273.41,175,43,23,4,2,0,0,2,v,13
44,2025-06-19-17-10,뱅,페이드,펄,2,20,18,12,271.82,169,3,13,2,0,0,7,0,v,13
44,2025-06-19-17-10,강지형,요루,펄,3,17,18,13,256.59,170,35,10,2,2,0,0,0,v,13
44,2025-06-19-17-10,따효니,킬조이,펄,8,14,18,3,169.36,117,-48,13,6,1,0,0,1,v,13
44,2025-06-19-17-10,아구이뽀,아스트라,펄,9,14,13,7,157.55,99,-17,19,2,1,0,1,2,v,13
44,2025-06-19-17-10,핑맨,피닉스,펄,4,18,21,6,250.27,150,-19,40,2,8,0,0,0,l,9
44,2025-06-19-17-10,빅헤드,아스트라,펄,5,19,15,7,244.73,156,22,12,2,3,0,1,1,l,9
44,2025-06-19-17-10,김뚜띠,아이소,펄,6,20,20,1,238.91,148,-8,28,1,3,0,0,0,l,9
44,2025-06-19-17-10,유봄냥,페이드,펄,7,16,16,7,219.09,147,-42,15,1,1,0,8,0,l,9
44,2025-06-19-17-10,고수달,킬조이,펄,10,8,17,3,115.77,113,-15,12,0,1,0,0,0,l,9
45,2025-06-19-18-06,빅헤드,오멘,어센트,1,25,12,8,323.3,211,89,21,2,2,0,2,0,v,13
45,2025-06-19-18-06,핑맨,피닉스,어센트,3,18,15,6,275.8,182,8,37,5,4,0,1,0,v,13
45,2025-06-19-18-06,김뚜띠,레이나,어센트,5,16,15,7,243.5,170,20,22,1,0,0,0,1,v,13
45,2025-06-19-18-06,유봄냥,소바,어센트,6,15,9,8,179.75,142,45,35,0,3,0,7,2,v,13
45,2025-06-19-18-06,고수달,사이퍼,어센트,10,6,12,5,101.4,77,-30,19,0,3,0,0,1,v,13
45,2025-06-19-18-06,강지형,요루,어센트,2,19,14,5,302.3,217,82,9,3,2,0,0,1,l,7
45,2025-06-19-18-06,강지,제트,어센트,4,17,18,3,247.25,143,-22,20,5,1,0,0,1,l,7
45,2025-06-19-18-06,뱅,소바,어센트,7,9,16,6,157.4,115,-44,14,0,2,0,2,1,l,7
45,2025-06-19-18-06,따효니,킬조이,어센트,8,10,15,2,153.4,100,-98,8,1,2,0,0,0,l,7
45,2025-06-19-18-06,아구이뽀,오멘,어센트,9,8,17,4,117.95,74,-99,9,3,1,0,4,0,l,7
46,2025-06-19-18-07,조별하,피닉스,펄,1,23,10,11,412.59,267,120,21,4,3,0,0,1,v,13
46,2025-06-19-18-07,푸린,아스트라,펄,3,15,9,7,224.82,141,28,21,1,3,0,0,0,v,13
46,2025-06-19-18-07,임나은,페이드,펄,4,13,9,8,212.41,133,8,14,1,1,0,4,2,v,13
46,2025-06-19-18-07,눈꽃,제트,펄,5,11,10,4,191.29,112,4,4,3,0,0,0,0,v,13
46,2025-06-19-18-07,백곰파,바이스,펄,8,11,8,2,129.59,85,-9,10,0,1,0,0,1,v,13
46,2025-06-19-18-07,짜누,아이소,펄,2,14,15,3,276.82,191,32,15,3,1,0,1,0,l,4
46,2025-06-19-18-07,러너,바이스,펄,6,11,14,3,186.47,137,-24,23,1,2,0,0,1,l,4
46,2025-06-19-18-07,감제이,아스트라,펄,7,10,16,1,175.76,114,-30,31,2,1,0,4,0,l,4
46,2025-06-19-18-07,마뫄,페이드,펄,9,7,14,4,124.35,80,-52,9,1,1,0,0,0,l,4
46,2025-06-19-18-07,울프,네온,펄,10,4,14,4,90.18,67,-77,19,1,4,0,1,0,l,4
47,2025-06-19-19-01,짜누,레이나,어센트,2,17,21,11,237.75,156,5,26,7,4,0,0,0,v,13
47,2025-06-19-19-01,러너,킬조이,어센트,3,19,16,5,235.63,162,42,16,2,4,0,0,1,v,13
47,2025-06-19-19-01,감제이,오멘,어센트,4,18,14,5,205.63,139,23,14,1,1,0,5,2,v,13
47,2025-06-19-19-01,마뫄,소바,어센트,5,18,18,6,200.25,131,-18,17,0,3,0,2,2,v,13
47,2025-06-19-19-01,울프,네온,어센트,9,12,13,4,156.21,117,9,17,1,1,0,0,1,v,13
47,2025-06-19-19-01,조별하,피닉스,어센트,1,34,17,3,409.63,257,95,30,8,4,0,0,1,l,11
47,2025-06-19-19-01,푸린,오멘,어센트,6,16,18,5,191.67,127,-16,36,0,2,0,1,0,l,11
47,2025-06-19-19-01,눈꽃,제트,어센트,7,14,18,2,164.21,104,-34,12,2,4,0,0,1,l,11
47,2025-06-19-19-01,임나은,소바,어센트,8,12,16,6,159.75,103,-31,10,3,0,0,5,1,l,11
47,2025-06-19-19-01,백곰파,바이스,어센트,10,6,15,2,69.79,46,-75,12,0,1,0,1,2,l,11
48,2025-06-19-19-03,강지형,요루,스플릿,2,22,17,6,291.43,171,37,11,4,2,0,0,1,v,13
48,2025-06-19-19-03,강지,제트,스플릿,3,22,16,4,263.57,166,18,26,5,5,0,0,2,v,13
48,2025-06-19-19-03,뱅,페이드,스플릿,6,14,17,15,196.39,128,-10,9,2,3,0,4,1,v,13
48,2025-06-19-19-03,아구이뽀,오멘,스플릿,7,13,14,12,181.22,127,6,18,0,1,0,1,1,v,13
48,2025-06-19-19-03,따효니,킬조이,스플릿,10,3,21,5,71.52,62,-104,10,0,1,0,0,0,v,13
48,2025-06-19-19-03,핑맨,피닉스,스플릿,1,27,16,7,337.39,216,0,37,7,3,0,0,0,l,10
48,2025-06-19-19-03,고수달,사이퍼,스플릿,4,23,13,1,254.43,176,18,33,1,2,0,0,0,l,10
48,2025-06-19-19-03,김뚜띠,요루,스플릿,5,15,16,9,215.83,157,25,16,3,4,0,0,0,l,10
48,2025-06-19-19-03,빅헤드,오멘,스플릿,8,11,14,6,143.22,95,-33,15,1,0,0,1,0,l,10
48,2025-06-19-19-03,유봄냥,페이드,스플릿,9,9,15,6,110.35,63,-44,9,0,2,0,8,0,l,10
49,2025-06-19-21-07,조별하,레이나,어센트,1,29,15,4,377.73,238,108,26,5,3,0,0,0,v,13
49,2025-06-19-21-07,눈꽃,제트,어센트,3,21,15,7,274.73,199,42,12,2,2,0,0,3,v,13
49,2025-06-19-21-07,푸린,오멘,어센트,5,16,15,6,178.09,113,-18,52,1,5,0,2,0,v,13
49,2025-06-19-21-07,백곰파,바이스,어센트,7,12,13,5,161.18,97,-27,5,1,0,0,0,1,v,13
49,2025-06-19-21-07,임나은,소바,어센트,10,5,15,9,100.23,91,-47,12,0,3,0,8,1,v,13
49,2025-06-19-21-07,강지형,요루,어센트,2,24,15,7,328.18,226,93,16,6,2,0,1,0,l,9
49,2025-06-19-21-07,강지,제트,어센트,4,15,20,4,222.82,153,-6,13,4,1,0,0,0,l,9
49,2025-06-19-21-07,뱅,소바,어센트,6,13,12,10,174.91,128,1,7,0,2,0,6,3,l,9
49,2025-06-19-21-07,따효니,킬조이,어센트,8,11,19,1,138.77,85,-74,8,2,4,0,0,0,l,9
49,2025-06-19-21-07,아구이뽀,오멘,어센트,9,10,17,5,118.05,88,-71,18,1,0,0,2,0,l,9
50,2025-06-19-21-12,짜누,아이소,펄,1,16,6,8,295.13,198,96,11,4,0,0,1,0,v,13
50,2025-06-19-21-12,울프,네온,펄,2,16,7,1,262.5,170,78,26,5,2,0,0,0,v,13
50,2025-06-19-21-12,감제이,아스트라,펄,3,12,6,6,223.0,136,60,8,2,1,0,7,0,v,13
50,2025-06-19-21-12,마뫄,페이드,펄,4,15,6,7,203.75,124,30,12,0,0,0,2,0,v,13
50,2025-06-19-21-12,러너,바이스,펄,6,13,5,4,181.31,140,75,14,1,1,0,0,0,v,13
50,2025-06-19-21-12,핑맨,피닉스,펄,5,10,15,1,201.56,123,-36,33,1,6,0,1,0,l,3
50,2025-06-19-21-12,김뚜띠,아이소,펄,7,6,15,1,127.44,95,-54,23,2,3,0,0,1,l,3
50,2025-06-19-21-12,유봄냥,페이드,펄,8,5,15,4,125.25,94,-62,20,0,0,0,0,0,l,3
50,2025-06-19-21-12,고수달,킬조이,펄,9,6,13,1,99.38,67,-99,29,1,0,0,0,1,l,3
50,2025-06-19-21-12,빅헤드,아스트라,펄,10,3,14,2,65.69,49,-89,7,0,3,0,0,0,l,3
51,2025-06-19-21-53,짜누,레이나,스플릿,1,18,8,10,307.47,187,76,12,6,2,0,0,0,v,13
51,2025-06-19-21-53,감제이,오멘,스플릿,2,20,8,5,304.0,193,101,17,3,0,0,0,1,v,13
51,2025-06-19-21-53,울프,네온,스플릿,3,16,9,3,229.06,145,24,22,0,0,0,0,1,v,13
51,2025-06-19-21-53,마뫄,페이드,스플릿,4,12,10,6,203.18,140,25,12,0,1,0,4,0,v,13
51,2025-06-19-21-53,러너,사이퍼,스플릿,8,11,9,6,166.41,115,26,4,4,1,0,0,0,v,13
51,2025-06-19-21-53,핑맨,피닉스,스플릿,5,11,17,2,198.12,117,-61,30,2,2,0,0,0,l,4
51,2025-06-19-21-53,빅헤드,오멘,스플릿,6,8,14,7,174.18,117,-42,23,0,1,0,1,0,l,4
51,2025-06-19-21-53,고수달,사이퍼,스플릿,7,10,16,1,168.88,103,-62,27,1,4,0,0,0,l,4
51,2025-06-19-21-53,유봄냥,페이드,스플릿,9,9,14,0,144.35,92,-34,32,0,2,0,4,0,l,4
51,2025-06-19-21-53,김뚜띠,레이즈,스플릿,10,6,16,3,143.0,96,-54,9,1,4,0,0,0,l,4
52,2025-06-19-22-18,조별하,레이나,헤이븐,1,36,17,4,395.92,256,138,28,6,3,0,3,0,v,14
52,2025-06-19-22-18,백곰파,사이퍼,헤이븐,5,16,18,10,198.35,134,10,20,1,1,0,0,0,v,14
52,2025-06-19-22-18,눈꽃,제트,헤이븐,6,17,18,6,196.58,135,13,14,2,3,0,2,1,v,14
52,2025-06-19-22-18,푸린,오멘,헤이븐,8,17,16,5,178.69,114,-15,25,3,6,0,0,1,v,14
52,2025-06-19-22-18,임나은,소바,헤이븐,9,11,21,10,138.46,93,-50,15,0,1,0,7,0,v,14
52,2025-06-19-22-18,뱅,소바,헤이븐,2,24,20,7,257.15,151,-15,11,3,0,0,2,2,l,12
52,2025-06-19-22-18,강지형,요루,헤이븐,3,21,20,8,253.88,169,15,13,6,7,0,0,0,l,12
52,2025-06-19-22-18,따효니,킬조이,헤이븐,4,19,18,8,218.15,145,17,20,2,1,0,1,2,l,12
52,2025-06-19-22-18,강지,제트,헤이븐,7,17,19,5,192.73,123,-14,27,3,2,0,2,1,l,12
52,2025-06-19-22-18,아구이뽀,오멘,헤이븐,10,9,20,4,84.92,49,-99,14,0,2,0,1,0,l,12
53,2025-06-19-22-45,감제이,오멘,헤이븐,1,26,12,4,274.42,175,60,25,1,1,0,7,1,v,13
53,2025-06-19-22-45,짜누,아이소,헤이븐,4,20,16,5,242.17,155,11,19,5,6,0,0,0,v,13
53,2025-06-19-22-45,울프,네온,헤이븐,5,19,16,9,223.13,131,-16,17,1,1,0,1,0,v,13
53,2025-06-19-22-45,마뫄,소바,헤이븐,6,15,14,8,195.42,133,20,14,3,2,0,0,1,v,13
53,2025-06-19-22-45,러너,킬조이,헤이븐,10,8,14,3,102.29,79,-22,7,0,4,0,0,0,v,13
53,2025-06-19-22-45,김뚜띠,아이소,헤이븐,2,21,19,4,254.38,168,31,18,3,1,0,1,0,l,11
53,2025-06-19-22-45,핑맨,피닉스,헤이븐,3,19,19,3,251.29,164,4,20,6,4,0,0,0,l,11
53,2025-06-19-22-45,빅헤드,오멘,헤이븐,7,11,14,7,144.38,100,-11,10,2,1,0,0,1,l,11
53,2025-06-19-22-45,유봄냥,소바,헤이븐,8,11,18,7,139.33,96,-42,10,1,0,0,4,1,l,11
53,2025-06-19-22-45,고수달,킬조이,헤이븐,9,10,18,3,124.63,89,-35,22,2,4,0,0,2,l,11
54,2025-06-19-23-36,강지형,요루,로터스,1,27,11,4,369.58,217,109,14,4,0,0,0,2,v,13
54,2025-06-19-23-36,강지,아이소,로터스,4,15,12,5,213.79,140,-32,17,3,1,0,1,1,v,13
54,2025-06-19-23-36,뱅,페이드,로터스,5,9,13,15,192.37,144,23,8,2,2,0,5,1,v,13
54,2025-06-19-23-36,아구이뽀,오멘,로터스,6,16,13,4,187.84,91,-45,16,1,1,0,0,0,v,13
54,2025-06-19-23-36,따효니,킬조이,로터스,8,8,12,5,139.0,101,-27,18,2,3,0,0,2,v,13
54,2025-06-19-23-36,조별하,아이소,로터스,2,19,14,3,307.26,197,67,38,4,1,0,1,0,l,6
54,2025-06-19-23-36,눈꽃,제트,로터스,3,16,17,1,240.16,153,-9,13,2,5,0,0,0,l,6
54,2025-06-19-23-36,백곰파,바이스,로터스,7,12,13,5,175.05,111,-56,11,0,2,0,1,0,l,6
54,2025-06-19-23-36,푸린,오멘,로터스,9,8,15,5,130.84,86,-56,19,1,3,0,2,0,l,6
54,2025-06-19-23-36,임나은,페이드,로터스,10,6,16,4,95.37,65,-80,7,0,1,0,7,0,l,6
55,2025-06-19-23-44,짜누,레이나,어센트,1,23,12,9,290.05,185,70,15,3,4,0,0,0,v,13
55,2025-06-19-23-44,감제이,오멘,어센트,2,17,12,11,269.25,166,64,32,5,0,0,1,0,v,13
55,2025-06-19-23-44,울프,네온,어센트,3,18,14,6,253.45,152,26,8,2,2,0,0,0,v,13
55,2025-06-19-23-44,러너,킬조이,어센트,7,11,12,2,175.15,120,1,11,2,2,0,0,0,v,13
55,2025-06-19-23-44,마뫄,소바,어센트,8,12,10,4,173.75,127,12,24,0,0,0,6,1,v,13
55,2025-06-19-23-44,유봄냥,소바,어센트,4,16,15,8,235.95,149,1,29,4,3,0,3,1,l,7
55,2025-06-19-23-44,핑맨,피닉스,어센트,5,16,16,1,217.9,128,-25,38,2,3,0,0,2,l,7
55,2025-06-19-23-44,빅헤드,오멘,어센트,6,11,18,6,175.65,115,-45,17,1,3,0,0,0,l,7
55,2025-06-19-23-44,고수달,사이퍼,어센트,9,9,16,1,142.4,100,-46,27,1,2,0,0,0,l,7
55,2025-06-19-23-44,김뚜띠,레이나,어센트,10,8,16,8,121.15,84,-58,9,0,1,0,0,1,l,7
56,2025-06-20-00-28,조별하,레이나,어센트,1,24,11,8,356.35,234,69,28,7,1,0,0,0,v,13
56,2025-06-20-00-28,푸린,오멘,어센트,2,22,9,7,276.1,195,87,43,2,0,0,3,1,v,13
56,2025-06-20-00-28,눈꽃,제트,어센트,3,18,13,2,255.95,155,-5,34,5,1,0,0,0,v,13
56,2025-06-20-00-28,백곰파,바이스,어센트,5,14,10,5,184.8,126,-34,26,1,0,0,1,0,v,13
56,2025-06-20-00-28,임나은,소바,어센트,8,11,11,7,164.6,97,-106,5,1,2,0,2,1,v,13
56,2025-06-20-00-28,강지형,요루,어센트,4,15,16,3,210.4,126,-18,11,1,6,0,0,0,l,7
56,2025-06-20-00-28,아구이뽀,오멘,어센트,6,13,18,3,182.35,115,-53,13,0,0,0,2,1,l,7
56,2025-06-20-00-28,따효니,킬조이,어센트,7,11,18,4,167.4,117,-37,16,0,3,0,0,0,l,7
56,2025-06-20-00-28,강지,제트,어센트,9,8,18,3,138.2,92,-70,13,2,4,0,1,0,l,7
56,2025-06-20-00-28,뱅,소바,어센트,10,7,19,8,134.3,95,-82,6,1,3,0,3,0,l,7
57,2025-06-20-01-19,조별하,레이나,스플릿,3,22,16,5,263.29,167,43,14,3,2,0,0,1,v,13
57,2025-06-20-01-19,푸린,소바,스플릿,5,19,15,6,226.83,160,54,23,1,3,0,1,1,v,13
57,2025-06-20-01-19,백곰파,바이스,스플릿,6,16,17,6,201.13,130,-1,6,1,1,0,1,0,v,13
57,2025-06-20-01-19,눈꽃,제트,스플릿,7,14,18,4,173.08,118,-18,22,7,3,0,0,2,v,13
57,2025-06-20-01-19,임나은,오멘,스플릿,8,13,19,11,168.79,97,-35,11,0,3,0,4,0,v,13
57,2025-06-20-01-19,강지형,요루,스플릿,1,25,19,10,311.67,208,57,14,2,3,0,1,0,l,11
57,2025-06-20-01-19,뱅,페이드,스플릿,2,23,16,12,276.04,152,1,12,4,1,0,6,1,l,11
57,2025-06-20-01-19,강지,제트,스플릿,4,22,17,5,242.04,143,6,15,5,3,0,0,0,l,11
57,2025-06-20-01-19,아구이뽀,오멘,스플릿,9,8,15,7,102.79,64,-52,10,0,2,0,1,0,l,11
57,2025-06-20-01-19,따효니,킬조이,스플릿,10,7,17,1,85.83,64,-54,11,1,3,0,0,0,l,11


